   the,22038615
   be,12545825
   and,10741073
   of,10343885
   a,10144200
   in,6996437
   to,6332195
   have,4303955
   to,3856916
   it,3872477
   I,3978265
   that,3430996
   for,3281454
   you,3081151
   he,2909254
   with,2683014
   on,2485306
   do,2573587
   say,1915138
   this,1885366
   they,1865580
   at,1767638
   but,1776767
   we,1820935
   his,1801708
   from,1635914
   that,1712406
   not,1638830
   n't,1619007
   by,1490548
   she,1484869
   or,1379320
   as,1296879
   what,1181023
   go,1151045
   their,1083029
   can,1022775
   who,1018283
   get,992596
   if,933542
   would,925515
   her,969591
   all,892102
   my,919821
   make,857168
   about,874406
   know,892535
   will,824568
   as,829018
   up,795534
   one,768232
   time,764657
   there,784528
   year,769254
   so,756550
   think,772787
   when,678626
   which,685982
   them,677870
   some,674193
   me,709623
   people,691468
   take,670745
   out,678603
   into,668172
   just,677711
   see,663645
   him,677707
   your,659622
   come,628254
   could,617932
   now,605997
   than,579757
   like,568850
   other,547799
   how,538893
   then,543977
   its,539719
   our,525107
   two,511027
   more,517536
   these,513864
   want,514972
   way,470401
   look,491707
   first,463566
   also,464606
   new,435993
   because,438539
   day,432773
   more,420170
   use,420781
   no,402222
   man,409760
   find,395203
   here,412315
   thing,400724
   give,384503
   many,385348
   well,411776
   only,379574
   those,378007
   tell,388155
   one,369553
   very,391821
   her,397950
   even,361067
   back,367844
   any,348100
   good,353973
   woman,341422
   through,340921
   us,351088
   life,333085
   child,333849
   there,333433
   work,318210
   down,329409
   may,324569
   after,311902
   should,310265
   call,308050
   world,303506
   over,300349
   school,304183
   still,296953
   try,294023
   in,285035
   as,281483
   last,289843
   ask,284632
   need,276744
   too,280396
   feel,275214
   three,266744
   when,268219
   state,272193
   never,262584
   become,259102
   between,264158
   high,255936
   really,263414
   something,254910
   most,246360
   another,240646
   much,244507
   family,243267
   own,240452
   out,242443
   leave,240482
   put,237480
   old,236577
   while,234555
   mean,242198
   on,236980
   keep,231760
   student,255047
   why,235442
   let,240300
   great,225005
   same,222836
   big,227169
   group,229435
   begin,218617
   seem,219627
   country,223138
   help,216082
   talk,229429
   where,213744
   turn,221392
   problem,217728
   every,212739
   start,213952
   hand,225247
   might,209059
   American,214968
   show,208037
   part,207861
   about,208550
   against,204379
   place,202427
   over,208260
   such,207065
   again,206895
   few,197266
   case,200773
   most,197086
   week,199268
   company,203345
   where,194427
   system,200175
   each,196522
   right,205250
   program,195985
   hear,196070
   so,191893
   question,192070
   during,190729
   work,187533
   play,188328
   government,191314
   run,187325
   small,185463
   number,186005
   off,183854
   always,179474
   move,179388
   like,182341
   night,184511
   live,176144
   Mr,188555
   point,177481
   believe,178397
   hold,177368
   today,183724
   bring,174366
   happen,182714
   next,176306
   without,172448
   before,172769
   large,175611
   all,177317
   million,176895
   must,171043
   home,170527
   under,164766
   water,167666
   room,172472
   write,161824
   mother,169407
   area,165812
   national,166359
   money,164794
   story,163582
   young,160011
   fact,164401
   month,162685
   different,162411
   lot,169570
   right,163259
   study,174069
   book,154013
   eye,169150
   job,154743
   word,152891
   though,152182
   business,154468
   issue,156417
   side,152559
   kind,155032
   four,150646
   head,160131
   far,148621
   black,150718
   long,149050
   both,146338
   little,149658
   house,149251
   yes,157364
   after,142289
   since,141264
   long,142007
   provide,150879
   service,146122
   around,143766
   friend,142697
   important,144194
   father,145051
   sit,147185
   away,144713
   until,140819
   power,141357
   hour,138955
   game,146311
   often,140731
   yet,135484
   line,135986
   political,144437
   end,134104
   among,138192
   ever,135774
   stand,140937
   bad,134910
   lose,134102
   however,142282
   member,134731
   pay,133133
   law,133706
   meet,128737
   car,133571
   city,132684
   almost,127907
   include,133563
   continue,126029
   set,127369
   later,126495
   community,133057
   much,126029
   name,127139
   five,125571
   once,126203
   white,126760
   least,123961
   president,134203
   learn,124346
   real,124187
   change,123183
   team,131489
   minute,126660
   best,124850
   several,124039
   idea,122140
   kid,126428
   body,125165
   information,127331
   nothing,126717
   ago,125252
   right,126278
   lead,122691
   social,132899
   understand,121354
   whether,121921
   back,125006
   watch,124976
   together,119186
   follow,119425
   around,122789
   parent,119610
   only,117700
   stop,121481
   face,127291
   anything,120292
   create,119419
   public,119825
   already,115220
   speak,117358
   others,115771
   read,114094
   level,121704
   allow,114892
   add,117842
   office,114791
   spend,114569
   door,124993
   health,117762
   person,113650
   art,117851
   sure,116186
   such,119125
   war,117804
   history,114904
   party,112962
   within,114599
   grow,110020
   result,116277
   open,111857
   change,112426
   morning,114002
   walk,113787
   reason,106863
   low,108990
   win,111478
   research,114802
   girl,110409
   guy,110409
   early,108171
   food,107728
   before,107448
   moment,109720
   himself,109288
   air,105932
   teacher,116100
   force,108005
   offer,106473
   enough,105880
   both,106361
   education,113731
   across,105559
   although,107925
   remember,106879
   foot,107285
   second,103621
   boy,107447
   maybe,108421
   toward,105984
   able,103171
   age,103402
   off,104122
   policy,107601
   everything,103591
   love,103681
   process,107341
   music,102657
   including,103650
   consider,101987
   appear,100671
   actually,105155
   buy,101105
   probably,99754
   human,101224
   wait,102463
   serve,99660
   market,100435
   die,98376
   send,96613
   expect,95566
   home,97937
   sense,95896
   build,96651
   stay,96933
   fall,96908
   oh,103613
   nation,97212
   plan,95824
   cut,96012
   college,97038
   interest,96620
   death,93222
   course,96224
   someone,95608
   experience,98106
   behind,95047
   reach,92375
   local,92970
   kill,92660
   six,90571
   remain,91319
   effect,95216
   use,96564
   yeah,103389
   suggest,92643
   class,91323
   control,90301
   raise,87036
   care,88862
   perhaps,87060
   little,88697
   late,86421
   hard,86817
   field,87243
   else,87876
   pass,86184
   former,88930
   sell,87865
   major,87487
   sometimes,84845
   require,89280
   along,84926
   development,91995
   themselves,85256
   report,88138
   role,88666
   better,83895
   economic,90392
   effort,86473
   up,85759
   decide,84035
   rate,87224
   strong,83677
   possible,85084
   heart,84536
   drug,86231
   show,86828
   leader,85438
   light,87427
   voice,89379
   wife,83601
   whole,83756
   police,85880
   mind,82808
   finally,81951
   pull,87243
   return,81812
   free,82090
   military,85152
   price,84443
   report,83174
   less,82930
   according,83773
   decision,82429
   explain,80797
   son,80895
   hope,81385
   even,79087
   develop,84835
   view,81338
   relationship,84549
   carry,79513
   town,79821
   road,80987
   drive,80476
   arm,84865
   true,79299
   federal,81826
   break,79310
   better,78334
   difference,82911
   thank,88574
   receive,80250
   value,82942
   international,81610
   building,78487
   action,80009
   full,77547
   model,82973
   join,80609
   season,83743
   society,81192
   because,77116
   tax,80713
   director,79813
   early,75605
   position,77124
   player,81358
   agree,76753
   especially,76304
   record,77509
   pick,77197
   wear,77921
   paper,75383
   special,75298
   space,75395
   ground,74713
   form,78493
   support,76544
   event,75559
   official,79026
   whose,74914
   matter,73842
   everyone,74534
   center,74559
   couple,74871
   site,75932
   end,73099
   project,75446
   hit,73999
   base,75887
   activity,77980
   star,73695
   table,75228
   need,74877
   court,74112
   produce,74169
   eat,73505
   American,73063
   teach,72668
   oil,74386
   half,70930
   situation,72603
   easy,71602
   cost,73512
   industry,73055
   figure,74858
   face,69493
   street,71645
   image,72216
   itself,71093
   phone,71599
   either,69497
   data,76594
   cover,69387
   quite,69966
   picture,69229
   clear,68662
   practice,73745
   piece,68901
   land,69750
   recent,70685
   describe,71377
   product,70883
   doctor,69446
   wall,71390
   patient,72217
   worker,69962
   news,70051
   test,69870
   movie,69387
   certain,67228
   north,68046
   love,67495
   personal,67917
   open,67218
   support,69431
   simply,66712
   third,67037
   technology,69565
   catch,68214
   step,66232
   baby,67881
   computer,67399
   type,68481
   attention,65271
   draw,65198
   film,66724
   Republican,71611
   tree,66630
   source,66862
   red,66217
   nearly,64860
   organization,67278
   choose,64348
   cause,64531
   hair,69564
   look,66194
   point,62980
   century,65667
   evidence,65360
   window,68303
   difficult,63947
   listen,64984
   soon,63168
   culture,67128
   billion,65243
   chance,62682
   brother,63406
   energy,64139
   period,64534
   course,64012
   summer,62503
   less,62154
   realize,61732
   hundred,61266
   available,63187
   plant,63476
   likely,63002
   opportunity,62422
   term,62962
   short,60451
   letter,60369
   condition,63489
   choice,60487
   place,60927
   single,60072
   rule,61062
   daughter,60424
   administration,62071
   south,60630
   husband,60126
   Congress,62841
   floor,62458
   campaign,64172
   material,62440
   population,62999
   well,61219
   call,59543
   economy,60990
   medical,59424
   hospital,58669
   church,59466
   close,60884
   thousand,58307
   risk,60432
   current,61252
   fire,59386
   future,58020
   wrong,58988
   involve,59542
   defense,59701
   anyone,58274
   increase,60442
   security,58914
   bank,58992
   myself,59716
   certainly,59739
   west,58169
   sport,59006
   board,58436
   seek,58495
   per,59432
   subject,61397
   officer,57617
   private,57248
   rest,56714
   behavior,62625
   deal,57462
   performance,59909
   fight,56886
   throw,57784
   top,57743
   quickly,56454
   past,56588
   goal,58728
   second,56022
   bed,60304
   order,56483
   author,58300
   fill,56915
   represent,58744
   focus,57177
   foreign,57540
   drop,56448
   plan,55829
   blood,56351
   upon,57033
   agency,56954
   push,56103
   nature,57929
   color,56978
   no,54602
   recently,55992
   store,56147
   reduce,57029
   sound,56828
   note,57025
   fine,55174
   before,55608
   near,54869
   movement,56201
   page,55937
   enter,54479
   share,54010
   than,55719
   common,55940
   poor,53820
   other,54372
   natural,55526
   race,54838
   concern,55203
   series,54549
   significant,58947
   similar,55901
   hot,54601
   language,55799
   each,53663
   usually,53477
   response,56342
   dead,55111
   rise,53542
   animal,53127
   factor,57612
   decade,53727
   article,54871
   shoot,53038
   east,53010
   save,52067
   seven,52011
   artist,54353
   away,52005
   scene,51248
   stock,54305
   career,52101
   despite,51526
   central,52501
   eight,50871
   thus,57039
   treatment,53390
   beyond,50742
   happy,51669
   exactly,52685
   protect,50649
   approach,53980
   lie,51657
   size,51868
   dog,52347
   fund,53859
   serious,50285
   occur,52768
   media,51798
   ready,50833
   sign,50045
   thought,51509
   list,50678
   individual,54738
   simple,50583
   quality,52224
   pressure,50773
   accept,49952
   answer,49969
   hard,50793
   resource,53398
   identify,53484
   left,50479
   meeting,49916
   determine,52130
   prepare,49208
   disease,51211
   whatever,50200
   success,50541
   argue,51013
   cup,53633
   particularly,50329
   amount,49944
   ability,51476
   staff,50177
   recognize,50042
   indicate,53215
   character,49530
   growth,50904
   loss,49759
   degree,50612
   wonder,50875
   attack,50898
   herself,52915
   region,50914
   television,49673
   box,49667
   TV,49438
   training,49997
   pretty,50385
   trade,49696
   deal,48975
   election,51322
   everybody,51147
   physical,51451
   lay,49358
   general,49657
   feeling,47349
   standard,49876
   bill,49011
   message,47533
   fail,47503
   outside,46628
   arrive,47435
   analysis,53840
   benefit,48594
   name,47375
   sex,47827
   forward,47877
   lawyer,47853
   present,49659
   section,49764
   environmental,51192
   glass,49686
   answer,47661
   skill,50431
   sister,48183
   PM,54765
   professor,46575
   operation,47276
   financial,47803
   crime,48010
   stage,46346
   ok,54697
   compare,48094
   authority,47309
   miss,46525
   design,48605
   sort,47086
   one,45596
   act,45648
   ten,46827
   knowledge,50335
   gun,47305
   station,46299
   blue,47622
   state,47977
   strategy,49126
   little,45469
   clearly,45912
   discuss,46852
   indeed,46184
   force,44931
   truth,45155
   song,45352
   example,47134
   democratic,47299
   check,45760
   environment,47807
   leg,47477
   dark,47565
   public,45684
   various,46777
   rather,44934
   laugh,48567
   guess,48046
   executive,47338
   set,45121
   study,44897
   prove,44304
   hang,46632
   entire,43997
   rock,45225
   design,45946
   enough,44378
   forget,45571
   since,45591
   claim,44259
   note,44720
   remove,44683
   manager,46187
   help,43721
   close,43568
   sound,45311
   enjoy,44020
   network,45122
   legal,44820
   religious,46425
   cold,44649
   form,44646
   final,43589
   main,43707
   science,45726
   green,44673
   memory,43531
   card,43605
   above,44130
   seat,44404
   cell,44831
   establish,45921
   nice,44792
   trial,44489
   expert,43898
   that,43359
   spring,44085
   firm,44704
   Democrat,46905
   radio,43156
   visit,42941
   management,45112
   care,42978
   avoid,42890
   imagine,43487
   tonight,47549
   huge,42582
   ball,43512
   no,44951
   close,42826
   finish,43143
   yourself,43401
   talk,43267
   theory,45553
   impact,43782
   respond,42139
   statement,42941
   maintain,43493
   charge,42353
   popular,42399
   traditional,43681
   onto,43538
   reveal,42605
   direction,41280
   weapon,43158
   employee,42824
   cultural,45673
   contain,42542
   peace,42273
   head,41658
   control,41771
   base,41154
   pain,41350
   apply,42391
   play,41662
   measure,43938
   wide,41233
   shake,45160
   fly,41373
   interview,41594
   manage,40536
   chair,43256
   fish,41488
   particular,42291
   camera,41218
   structure,43638
   politics,41758
   perform,41667
   bit,41915
   weight,41919
   suddenly,43382
   discover,40489
   candidate,43251
   top,41484
   production,42052
   treat,40264
   trip,40423
   evening,40881
   affect,41496
   inside,40856
   conference,40643
   unit,41087
   best,39959
   style,40889
   adult,40705
   worry,40210
   range,41326
   mention,39815
   rather,41558
   far,39967
   deep,40126
   past,39559
   edge,40960
   individual,42325
   specific,42397
   writer,39666
   trouble,39659
   necessary,40776
   throughout,40170
   challenge,40380
   fear,38857
   shoulder,42843
   institution,42153
   middle,40402
   sea,39516
   dream,39613
   bar,39853
   beautiful,40052
   property,40027
   instead,39051
   improve,40214
   stuff,40180
   detail,38750
   method,42667
   sign,39418
   somebody,41639
   magazine,39197
   hotel,39642
   soldier,39552
   reflect,40687
   heavy,39160
   sexual,41865
   cause,38843
   bag,40007
   heat,40363
   fall,38822
   marriage,38517
   tough,39600
   sing,38575
   surface,39367
   purpose,40084
   exist,39341
   pattern,40397
   whom,37950
   skin,39893
   agent,38265
   owner,39492
   machine,38407
   gas,38194
   down,39633
   ahead,39705
   generation,38323
   commercial,40608
   address,39774
   cancer,39407
   test,38644
   item,40336
   reality,38397
   coach,40716
   step,39356
   Mrs,40545
   yard,39253
   beat,38268
   violence,38474
   total,38798
   tend,38295
   investment,38810
   discussion,39616
   finger,40842
   garden,38800
   notice,38910
   collection,38431
   modern,38372
   task,39209
   partner,37540
   positive,39310
   civil,37742
   kitchen,39332
   consumer,38079
   shot,37505
   budget,39165
   wish,37532
   painting,39264
   scientist,37700
   safe,36547
   agreement,38141
   capital,37443
   mouth,40200
   nor,37230
   victim,36878
   newspaper,37522
   instead,36247
   threat,37022
   responsibility,37084
   smile,41473
   attorney,37959
   score,39294
   account,36786
   interesting,37473
   break,40348
   audience,36227
   rich,35940
   dinner,37156
   figure,36137
   vote,39464
   western,37389
   relate,39143
   travel,35746
   debate,37228
   prevent,36421
   citizen,36408
   majority,36758
   none,35359
   front,37363
   born,35352
   admit,35143
   senior,36598
   assume,35960
   wind,36478
   key,36056
   professional,36319
   mission,35217
   fast,35474
   alone,34982
   customer,36000
   suffer,34675
   speech,35504
   successful,35459
   option,35434
   participant,41462
   southern,35314
   fresh,35974
   eventually,34534
   no,35016
   forest,35429
   video,35230
   global,36381
   Senate,36809
   reform,36103
   access,35310
   restaurant,35898
   judge,35464
   publish,35062
   cost,34941
   relation,36963
   like,35636
   release,34301
   own,34577
   bird,34835
   opinion,34501
   credit,34578
   critical,35824
   corner,35496
   concerned,34331
   recall,34442
   version,34456
   stare,39266
   safety,34188
   effective,35851
   neighborhood,34691
   original,34368
   act,34104
   troop,36001
   income,34925
   directly,34090
   hurt,34445
   species,35804
   immediately,33067
   track,33788
   basic,34788
   strike,33238
   hope,33019
   sky,35141
   freedom,34174
   absolutely,36740
   plane,33900
   nobody,34280
   achieve,35166
   object,35040
   attitude,35437
   labor,34400
   refer,34317
   concept,35944
   client,34027
   powerful,33151
   perfect,33456
   nine,32967
   therefore,35842
   conduct,34909
   announce,33305
   conversation,33046
   examine,35826
   touch,34737
   please,34709
   attend,33380
   completely,32550
   vote,35224
   variety,34242
   sleep,34801
   turn,32944
   involved,33428
   investigation,33849
   nuclear,34264
   researcher,34742
   press,33410
   conflict,34710
   spirit,32942
   experience,34009
   replace,32688
   British,32929
   encourage,33348
   argument,33394
   by,32560
   once,32180
   camp,32659
   brain,32852
   feature,33344
   afternoon,33202
   AM,34451
   weekend,33239
   dozen,32432
   possibility,32466
   along,32475
   insurance,32928
   department,32252
   battle,31989
   beginning,31866
   date,31467
   generally,33191
   African,34557
   very,31807
   sorry,34270
   crisis,32924
   complete,32813
   fan,32919
   stick,32259
   define,33958
   easily,31755
   through,31838
   hole,32302
   element,33053
   vision,32358
   status,33511
   normal,31265
   Chinese,32334
   ship,32588
   solution,32052
   stone,32531
   slowly,33403
   scale,34375
   bit,32087
   university,33000
   introduce,31345
   driver,31633
   attempt,31944
   park,32322
   spot,31612
   lack,32157
   ice,31686
   boat,32079
   drink,32078
   sun,32646
   front,32087
   distance,31380
   wood,31801
   handle,30634
   truck,31536
   return,31058
   mountain,31322
   survey,32784
   supposed,31005
   tradition,32110
   winter,31227
   village,30741
   Soviet,36193
   refuse,30173
   sales,32145
   roll,31592
   communication,31577
   run,31325
   screen,30758
   gain,30667
   resident,31836
   hide,31098
   gold,30733
   club,30800
   future,31494
   farm,30291
   potential,31289
   increase,31247
   middle,30199
   European,31455
   presence,30624
   independent,31044
   district,31327
   shape,30396
   reader,31442
   Ms,31610
   contract,30906
   crowd,30542
   Christian,30726
   express,30947
   apartment,31012
   willing,29635
   strength,29769
   previous,30490
   band,29769
   obviously,31299
   horse,30993
   interested,29155
   target,29866
   prison,30248
   ride,30476
   guard,30159
   terms,30996
   demand,30519
   reporter,30416
   deliver,29169
   text,32316
   share,30752
   tool,30286
   wild,29473
   vehicle,29421
   observe,30737
   flight,29535
   inside,30715
   facility,30107
   understanding,31319
   average,29717
   emerge,29496
   advantage,29340
   quick,29108
   light,29731
   leadership,30047
   earn,29560
   pound,29946
   basis,30377
   bright,29780
   operate,29345
   guest,29328
   sample,32436
   contribute,30090
   tiny,29756
   block,28826
   protection,29336
   settle,28827
   feed,28494
   collect,28946
   additional,29771
   while,29579
   highly,29554
   identity,31163
   title,29210
   mostly,28178
   lesson,28623
   faith,28710
   river,28862
   promote,29679
   living,28736
   present,30645
   count,28836
   unless,27908
   marry,28722
   tomorrow,30098
   technique,29828
   path,28344
   ear,29597
   shop,28589
   folk,28698
   order,27950
   principle,30011
   survive,27682
   lift,29354
   border,28636
   competition,28752
   jump,28504
   gather,27659
   limit,28901
   fit,27875
   claim,28609
   cry,29690
   equipment,28023
   worth,27687
   associate,30406
   critic,28244
   warm,28600
   aspect,29460
   result,29515
   insist,27205
   failure,28234
   annual,28471
   French,27590
   Christmas,28046
   comment,27712
   responsible,27569
   affair,27432
   approach,27449
   until,27007
   procedure,29044
   regular,27244
   spread,27266
   chairman,28560
   baseball,28551
   soft,27970
   ignore,27023
   egg,27917
   measure,28612
   belief,28844
   demonstrate,29170
   anybody,28704
   murder,28335
   gift,27050
   religion,28220
   review,28141
   editor,27734
   past,28278
   engage,28194
   coffee,28331
   document,29437
   speed,27740
   cross,27524
   influence,28387
   anyway,28170
   threaten,26587
   commit,26943
   female,27952
   youth,27755
   wave,26844
   move,26717
   afraid,27727
   quarter,27125
   background,26907
   native,28026
   broad,27191
   wonderful,27494
   deny,26675
   apparently,26513
   slightly,26887
   reaction,26771
   twice,26450
   suit,27066
   perspective,28324
   growing,26858
   blow,27254
   construction,27114
   kind,29474
   intelligence,27555
   destroy,26177
   cook,27725
   connection,26552
   charge,26432
   burn,26646
   shoe,26945
   view,27258
   grade,27178
   context,29113
   committee,26697
   hey,27659
   mistake,26080
   focus,26815
   smile,28698
   location,26463
   clothes,27033
   Indian,27100
   quiet,26732
   dress,26669
   promise,25720
   aware,25503
   neighbor,25497
   complete,25699
   drive,26373
   function,28011
   bone,26282
   active,26507
   extend,25969
   chief,26456
   average,26568
   combine,26570
   wine,26682
   below,26765
   cool,26279
   voter,27768
   mean,28991
   demand,25207
   learning,28869
   bus,25850
   hell,27278
   dangerous,25170
   remind,25525
   moral,26980
   United,26396
   category,27219
   relatively,26476
   victory,26422
   key,25436
   academic,28216
   visit,25000
   Internet,26983
   healthy,26009
   fire,25390
   negative,26847
   following,26643
   historical,27266
   medicine,25511
   tour,25781
   depend,25405
   photo,25492
   finding,28246
   grab,26951
   direct,26008
   classroom,27531
   contact,25218
   justice,25377
   participate,26500
   daily,25179
   fair,25064
   pair,25289
   famous,24631
   exercise,25934
   knee,25912
   flower,25642
   tape,25730
   hire,25073
   familiar,24515
   appropriate,26237
   supply,24920
   fully,24842
   cut,25327
   will,24351
   actor,24848
   birth,24515
   search,27087
   tie,24408
   democracy,26039
   eastern,25103
   primary,26043
   yesterday,26215
   circle,24735
   device,24918
   progress,24645
   next,25720
   front,24402
   bottom,24653
   island,24311
   exchange,24826
   clean,24325
   studio,24765
   train,23990
   lady,25436
   colleague,24370
   application,25735
   neck,25716
   lean,26896
   damage,24155
   plastic,24563
   tall,25304
   plate,24592
   hate,24921
   otherwise,23793
   writing,24995
   press,24716
   male,24873
   start,24071
   alive,24184
   expression,24748
   football,25271
   intend,23554
   attack,23971
   chicken,24465
   army,23929
   abuse,24534
   theater,24447
   shut,24773
   map,23666
   extra,24006
   session,24010
   danger,23244
   welcome,25241
   domestic,24313
   lots,23750
   literature,26254
   rain,24134
   desire,23994
   assessment,26318
   injury,23935
   respect,23274
   northern,23783
   nod,27283
   paint,24038
   fuel,23934
   leaf,24044
   direct,23298
   dry,23809
   Russian,23739
   instruction,25190
   fight,23211
   pool,23346
   climb,24367
   sweet,23843
   lead,23301
   engine,23617
   fourth,23227
   salt,24711
   expand,23417
   importance,24946
   metal,23317
   fat,24844
   ticket,23902
   software,23954
   disappear,23389
   corporate,23621
   strange,23744
   lip,25250
   reading,23919
   urban,23889
   mental,23650
   increasingly,23529
   lunch,23220
   educational,25282
   somewhere,23527
   farmer,23005
   above,23866
   sugar,24310
   planet,23567
   favorite,23159
   explore,23744
   obtain,24538
   enemy,22621
   greatest,22673
   complex,23751
   surround,22391
   athlete,23868
   invite,22158
   repeat,22622
   carefully,22837
   soul,22713
   scientific,23691
   impossible,22233
   panel,22529
   meaning,24064
   mom,23450
   married,22352
   alone,23106
   instrument,23831
   predict,22942
   weather,22586
   presidential,24057
   emotional,22773
   commitment,23152
   Supreme,23904
   bear,22190
   pocket,23580
   thin,23194
   temperature,23111
   surprise,22275
   poll,24009
   proposal,22830
   consequence,23307
   half,22029
   breath,24668
   sight,22878
   cover,22301
   balance,22243
   adopt,22880
   minority,23167
   straight,22929
   attempt,22758
   connect,22100
   works,22722
   teaching,24387
   belong,21856
   aid,22642
   advice,21970
   okay,24243
   photograph,22016
   empty,23365
   regional,23182
   trail,23030
   novel,22392
   code,22015
   somehow,22267
   organize,22389
   jury,24072
   breast,22362
   Iraqi,25446
   human,22022
   acknowledge,21983
   theme,22494
   storm,22562
   union,22380
   record,21939
   desk,23455
   fear,21333
   thanks,23061
   fruit,22401
   under,21521
   expensive,21706
   yellow,22452
   conclusion,23034
   prime,22075
   shadow,22803
   struggle,21370
   conclude,22247
   analyst,22662
   dance,21799
   limit,21714
   like,21723
   regulation,22479
   being,21695
   last,21219
   ring,21873
   largely,22097
   shift,21323
   revenue,22445
   mark,21236
   locate,21843
   county,22675
   appearance,21146
   package,21665
   difficulty,22288
   bridge,21497
   recommend,21707
   obvious,21052
   train,21766
   basically,23265
   e-mail,22467
   generate,22213
   anymore,21771
   propose,21691
   thinking,21663
   possibly,20953
   trend,21894
   visitor,21490
   loan,22324
   currently,21636
   comfortable,21101
   investor,22410
   but,20961
   profit,21754
   angry,21485
   crew,21238
   deep,21413
   accident,20964
   male,22398
   meal,21556
   hearing,21560
   traffic,21296
   muscle,21931
   notion,21801
   capture,21018
   prefer,20946
   truly,20576
   earth,21350
   Japanese,21800
   chest,22508
   search,20943
   thick,21932
   cash,21343
   museum,21715
   beauty,21060
   emergency,20796
   unique,21436
   feature,21678
   internal,22025
   ethnic,22632
   link,21335
   stress,21813
   content,21821
   select,21617
   root,20774
   nose,21938
   declare,20550
   outside,21556
   appreciate,20806
   actual,21321
   bottle,21569
   hardly,20757
   setting,22004
   launch,20767
   dress,21362
   file,20832
   sick,20906
   outcome,22721
   ad,21064
   defend,20510
   matter,20534
   judge,20320
   duty,20204
   sheet,20787
   ought,21552
   ensure,21341
   Catholic,20866
   extremely,20310
   extent,21727
   component,22085
   mix,20642
   long-term,20841
   slow,20404
   contrast,21581
   zone,20472
   wake,21330
   challenge,20510
   airport,20897
   chief,20453
   brown,21175
   standard,20917
   shirt,21486
   pilot,20192
   warn,19996
   ultimately,20387
   cat,21135
   contribution,20912
   capacity,21102
   ourselves,19926
   estate,20673
   guide,20646
   circumstance,20310
   snow,21011
   English,20235
   politician,20360
   steal,20296
   pursue,20136
   slip,21233
   percentage,20774
   meat,20271
   funny,20399
   neither,20100
   soil,20916
   influence,21448
   surgery,20118
   correct,20613
   Jewish,20196
   blame,19798
   estimate,20474
   due,21141
   basketball,20955
   late,19727
   golf,20979
   investigate,20117
   crazy,20345
   significantly,22038
   chain,19688
   address,19564
   branch,19633
   combination,20026
   just,20096
   frequently,20508
   governor,20802
   relief,19493
   user,20681
   dad,20164
   kick,20092
   part,19900
   manner,20012
   ancient,19818
   silence,21169
   rating,20413
   golden,19852
   motion,19649
   German,20096
   gender,22190
   solve,19501
   fee,20263
   landscape,20171
   used,19130
   bowl,20662
   equal,19952
   long,19227
   official,19628
   forth,19531
   frame,20016
   typical,19724
   except,19594
   conservative,19778
   eliminate,19773
   host,19389
   hall,20236
   trust,19482
   ocean,19421
   score,20391
   row,19519
   producer,19679
   afford,19035
   meanwhile,19504
   regime,21101
   division,19772
   confirm,19327
   fix,19349
   appeal,19561
   mirror,20081
   tooth,20515
   smart,19370
   length,19624
   entirely,19075
   rely,19614
   topic,20640
   complain,19102
   issue,19300
   variable,22868
   back,19213
   range,20067
   telephone,19311
   perception,21086
   attract,19197
   confidence,18955
   bedroom,20387
   secret,19125
   debt,19506
   rare,18978
   his,19663
   tank,19158
   nurse,19385
   coverage,19522
   opposition,19847
   aside,19056
   anywhere,18970
   bond,19856
   file,19416
   pleasure,19099
   master,18880
   era,19209
   requirement,20358
   check,18764
   stand,18910
   fun,18984
   expectation,19603
   wing,19028
   separate,19064
   now,19126
   clear,19013
   struggle,19014
   mean,19792
   somewhat,18801
   pour,19300
   stir,20174
   judgment,19315
   clean,18766
   except,18857
   beer,19349
   English,18719
   reference,19559
   tear,19819
   doubt,18542
   grant,18598
   seriously,18328
   account,19403
   minister,19154
   totally,18720
   hero,18348
   industrial,19413
   cloud,19214
   stretch,19014
   winner,19216
   volume,18989
   travel,18634
   seed,19079
   surprised,18822
   rest,18915
   fashion,18483
   pepper,20220
   separate,18251
   busy,18500
   intervention,21021
   copy,18244
   tip,18868
   below,18353
   cheap,18371
   aim,18194
   cite,19011
   welfare,19580
   vegetable,19363
   gray,19408
   dish,18887
   beach,18451
   improvement,18977
   everywhere,18126
   opening,18058
   overall,19031
   divide,18337
   initial,19019
   terrible,18659
   oppose,18484
   contemporary,19293
   route,18313
   multiple,19512
   essential,19030
   question,17924
   league,19766
   criminal,18424
   careful,17885
   core,18571
   upper,18196
   rush,18561
   necessarily,18334
   specifically,18873
   tired,18597
   rise,18055
   tie,17787
   employ,18912
   holiday,18299
   dance,18263
   vast,17836
   resolution,18922
   household,18450
   fewer,18223
   abortion,18925
   apart,17872
   witness,18920
   match,17788
   barely,18533
   sector,19103
   representative,18189
   lack,18215
   beneath,19047
   beside,19952
   black,18441
   incident,17880
   limited,18532
   proud,17841
   flow,18469
   faculty,20104
   increased,18984
   waste,19069
   merely,18094
   mass,18107
   emphasize,18933
   experiment,18440
   definitely,18214
   bomb,18284
   enormous,17482
   tone,17954
   liberal,18228
   massive,17551
   engineer,17991
   wheel,18296
   female,18932
   decline,18058
   invest,18080
   promise,17342
   cable,18277
   towards,18305
   expose,17581
   rural,18665
   AIDS,19384
   Jew,17893
   narrow,17840
   cream,18443
   secretary,17922
   gate,17999
   solid,17675
   hill,18131
   typically,18254
   noise,18024
   grass,18139
   unfortunately,17482
   hat,18198
   legislation,17934
   succeed,17423
   either,17257
   celebrate,17421
   achievement,18998
   fishing,18103
   drink,18227
   accuse,17778
   hand,18231
   useful,18205
   land,17401
   secret,17305
   reject,17656
   talent,17474
   taste,17409
   characteristic,19621
   milk,17812
   escape,17195
   cast,17163
   sentence,17162
   unusual,16997
   closely,17220
   convince,16948
   height,17403
   physician,17707
   assess,19220
   sleep,17882
   plenty,17445
   ride,17654
   virtually,17426
   first,17332
   addition,17641
   sharp,17403
   creative,17597
   lower,17206
   behind,17347
   approve,17329
   explanation,17712
   outside,16797
   gay,17428
   campus,17541
   proper,17024
   live,17365
   guilty,17596
   living,16823
   acquire,17435
   compete,17264
   technical,17594
   plus,17202
   mind,17378
   potential,17523
   immigrant,17615
   weak,16628
   illegal,17258
   hi,18910
   alternative,17197
   interaction,19144
   column,16810
   personality,16933
   signal,16835
   curriculum,19193
   list,17006
   honor,16686
   passenger,16933
   assistance,17396
   forever,16890
   fun,16932
   regard,16890
   Israeli,17967
   association,17759
   twenty,17491
   knock,17146
   review,16916
   wrap,17073
   lab,16498
   offer,16612
   display,16806
   criticism,17049
   asset,16977
   depression,16976
   spiritual,17074
   musical,16931
   journalist,16858
   prayer,16296
   suspect,16194
   scholar,17482
   warning,16205
   climate,17189
   cheese,17416
   observation,17500
   childhood,16268
   payment,16704
   sir,17733
   permit,16764
   cigarette,17160
   definition,17499
   priority,16586
   bread,16686
   creation,16967
   graduate,16803
   request,16241
   emotion,16062
   scream,17342
   dramatic,16233
   universe,16596
   gap,16216
   excellent,16094
   deeply,15848
   prosecutor,17260
   mark,15973
   green,16776
   lucky,16550
   drag,16685
   airline,17164
   library,16314
   agenda,16449
   recover,15786
   factory,16240
   selection,16706
   primarily,17015
   roof,16520
   unable,15901
   expense,16274
   initiative,16445
   diet,16933
   arrest,16205
   funding,16282
   therapy,16351
   wash,16314
   schedule,15987
   sad,16163
   brief,15770
   housing,16403
   post,15693
   purchase,16064
   existing,16654
   dark,16865
   steel,15982
   regarding,17220
   shout,17239
   remaining,15992
   visual,17316
   fairly,15701
   chip,16162
   violent,15765
   silent,16802
   suppose,16562
   self,16708
   bike,17306
   tea,16373
   perceive,17180
   comparison,16809
   settlement,16172
   layer,16250
   planning,16434
   far,16006
   description,16415
   later,15734
   slow,15633
   slide,16805
   widely,16000
   wedding,15829
   inform,15725
   portion,15677
   territory,15831
   immediate,15680
   opponent,15803
   abandon,15323
   link,15738
   mass,15939
   lake,15836
   transform,15815
   tension,15614
   display,15575
   leading,15665
   bother,15870
   consist,16648
   alcohol,15877
   enable,16293
   bend,16285
   saving,15917
   gain,15822
   desert,15653
   shall,15997
   error,15980
   release,15540
   cop,16228
   Arab,16732
   double,15233
   walk,15632
   sand,15658
   Spanish,15512
   rule,15310
   hit,15766
   print,15634
   preserve,15527
   passage,15702
   formal,16078
   transition,16058
   existence,15969
   album,15869
   participation,17187
   arrange,15258
   atmosphere,15310
   joint,15444
   reply,16312
   cycle,15775
   opposite,15554
   lock,15616
   whole,15558
   deserve,14944
   consistent,16334
   resistance,15686
   discovery,15358
   tear,15575
   exposure,15979
   pose,15230
   stream,15400
   sale,15351
   trust,15170
   benefit,15424
   pot,15407
   grand,15659
   mine,15794
   hello,16600
   coalition,15720
   tale,15004
   knife,15792
   resolve,15260
   racial,15687
   phase,16045
   present,15267
   joke,15284
   coat,16010
   Mexican,15514
   symptom,15886
   contact,15359
   manufacturer,15741
   philosophy,15746
   potato,15561
   interview,15687
   foundation,15273
   quote,15415
   online,15848
   pass,15599
   negotiation,15680
   good,15259
   urge,14894
   occasion,14792
   dust,15475
   breathe,15813
   elect,15350
   investigator,15258
   jacket,15692
   glad,15556
   ordinary,14776
   reduction,15862
   rarely,14912
   shift,15114
   pack,15169
   suicide,15145
   numerous,15389
   touch,14939
   substance,15909
   discipline,15684
   elsewhere,14884
   iron,15043
   practical,15303
   moreover,16163
   passion,14632
   volunteer,14958
   implement,16124
   essentially,15020
   gene,15377
   enforcement,15052
   vs,16003
   sauce,15903
   independence,15259
   marketing,15259
   priest,14889
   amazing,15124
   intense,14452
   advance,14645
   employer,14846
   shock,14551
   inspire,14771
   adjust,14564
   retire,14979
   sure,14854
   visible,14691
   kiss,16128
   illness,14726
   cap,14672
   habit,14501
   competitive,14938
   juice,15388
   congressional,14936
   involvement,15640
   dominate,14768
   previously,15092
   whenever,14484
   transfer,14686
   analyze,15587
   another,14441
   attach,14552
   for,14594
   Indian,15021
   disaster,14684
   parking,14970
   prospect,14521
   boss,14587
   complaint,14551
   championship,16008
   coach,15910
   exercise,14766
   fundamental,15199
   severe,14609
   enhance,15393
   mystery,14211
   impose,14881
   poverty,14891
   other,14165
   entry,14643
   fat,14826
   spending,14965
   king,14445
   evaluate,15780
   symbol,14596
   still,14308
   trade,14624
   maker,14586
   mood,14227
   accomplish,14325
   emphasis,15337
   illustrate,15091
   boot,15033
   monitor,14499
   Asian,14873
   entertainment,14615
   bean,14996
   evaluation,16213
   creature,14852
   commander,14425
   digital,15048
   arrangement,14403
   concentrate,14155
   total,14559
   usual,14305
   anger,14241
   psychological,15249
   heavily,13964
   peak,14481
   approximately,15172
   increasing,14886
   disorder,14780
   missile,15147
   equally,14389
   vary,14954
   wire,14310
   round,14539
   distribution,15249
   transportation,14516
   holy,14090
   ring,14757
   twin,14610
   command,14022
   commission,14371
   interpretation,15613
   breakfast,14397
   stop,14117
   strongly,14459
   engineering,14853
   luck,14186
   so-called,14065
   constant,14069
   race,14233
   clinic,14016
   veteran,14366
   smell,15214
   tablespoon,15804
   capable,13933
   nervous,14100
   tourist,13895
   light,14720
   toss,14565
   crucial,14234
   bury,14030
   pray,14006
   tomato,14864
   exception,14136
   butter,14780
   deficit,15008
   bathroom,14725
   objective,15107
   block,13688
   electronic,14057
   ally,14025
   journey,13599
   reputation,13681
   mixture,14856
   surely,13904
   tower,13948
   smoke,14327
   confront,13757
   pure,13671
   glance,16008
   dimension,14965
   toy,13935
   prisoner,13928
   fellow,13585
   smooth,14148
   nearby,13820
   peer,14738
   designer,14210
   personnel,14095
   shape,13859
   educator,15447
   relative,13541
   immigration,14526
   belt,13826
   teaspoon,15767
   birthday,13757
   implication,14791
   perfectly,13671
   coast,13515
   supporter,13970
   accompany,13666
   silver,14033
   teenager,13615
   recognition,14249
   retirement,13964
   flag,13655
   recovery,13703
   whisper,15383
   watch,13996
   gentleman,14648
   corn,13739
   moon,13959
   inner,13545
   junior,13797
   rather,13611
   throat,14681
   salary,13885
   swing,14317
   observer,13806
   due,13252
   straight,13474
   publication,14045
   pretty,13951
   crop,13733
   dig,13633
   strike,13686
   permanent,13390
   plant,13526
   phenomenon,14087
   anxiety,14088
   unlike,13248
   wet,13963
   literally,13425
   resist,13330
   convention,14497
   embrace,13183
   supply,13399
   assist,13748
   exhibition,13987
   construct,14234
   viewer,13479
   pan,14148
   consultant,13646
   soon,13547
   line,13373
   administrator,14058
   date,13231
   occasionally,13321
   mayor,13903
   consideration,14047
   CEO,13956
   secure,13181
   pink,13849
   smoke,13438
   estimate,13718
   buck,13693
   historic,13507
   poem,13702
   grandmother,13670
   bind,13109
   fifth,13150
   constantly,13033
   enterprise,13542
   favor,13235
   testing,13725
   stomach,13845
   apparent,13434
   weigh,13051
   install,13584
   sensitive,13115
   suggestion,13145
   mail,13024
   recipe,13840
   reasonable,13130
   preparation,13553
   wooden,13518
   elementary,13831
   concert,13270
   aggressive,13191
   false,12871
   intention,13207
   channel,12975
   extreme,13064
   tube,13364
   drawing,13377
   protein,14036
   quit,13045
   absence,13597
   roll,13053
   Latin,13797
   rapidly,13066
   jail,13324
   comment,12930
   diversity,13872
   honest,12916
   Palestinian,14008
   pace,12891
   employment,13673
   speaker,12889
   impression,12746
   essay,13802
   respondent,15057
   giant,12963
   cake,13336
   historian,13437
   negotiate,13043
   restore,12814
   substantial,13376
   pop,13123
   particular,13259
   specialist,13041
   origin,13654
   approval,12795
   mine,12824
   quietly,13503
   advise,12709
   conventional,13209
   drop,12757
   count,13007
   depth,12927
   wealth,12886
   disability,14197
   shell,12957
   general,13256
   criticize,12906
   fast,12738
   professional,13402
   effectively,13277
   biological,13233
   pack,13238
   onion,13769
   deputy,12972
   flat,12899
   brand,13103
   assure,12542
   mad,12903
   award,12874
   criteria,14160
   dealer,12999
   via,13064
   alternative,13289
   utility,13150
   precisely,12878
   arise,13351
   armed,12966
   nevertheless,13190
   highway,12649
   clinical,13593
   routine,12576
   schedule,12881
   wage,13033
   normally,12402
   phrase,12558
   ingredient,13382
   stake,12603
   Muslim,13147
   dream,12887
   fiber,13606
   activist,12737
   Islamic,13323
   snap,13362
   terrorism,13806
   refugee,13010
   incorporate,13310
   hip,12863
   ultimate,12542
   switch,12508
   corporation,12612
   valuable,12628
   assumption,13434
   gear,12872
   graduate,12480
   barrier,12772
   minor,12346
   provision,13256
   killer,12631
   assign,12836
   gang,12662
   developing,13171
   classic,12610
   chemical,12673
   wave,13567
   label,12497
   teen,12663
   index,12751
   vacation,12424
   advocate,12565
   draft,12684
   extraordinary,12356
   heaven,12461
   rough,12365
   yell,13131
   pregnant,12329
   distant,12542
   drama,12393
   satellite,12438
   personally,12317
   wonder,12265
   clock,12395
   chocolate,12682
   Italian,12384
   Canadian,12820
   ceiling,12668
   sweep,12431
   advertising,12601
   universal,12590
   spin,12673
   house,12268
   button,12552
   bell,12421
   rank,12236
   darkness,13275
   ahead,12125
   clothing,12078
   super,12586
   yield,12634
   fence,12390
   portrait,12340
   paint,12673
   survival,12335
   roughly,12200
   lawsuit,12656
   bottom,12169
   testimony,12679
   bunch,12225
   beat,13118
   wind,12054
   found,12376
   burden,12054
   react,11874
   chamber,12034
   furniture,12461
   cooperation,12833
   string,11974
   ceremony,11923
   communicate,12179
   taste,12397
   cheek,13411
   lost,11886
   profile,12089
   mechanism,12948
   disagree,12280
   like,13238
   penalty,12310
   match,12025
   ie,13724
   advance,12056
   resort,12379
   destruction,12356
   bear,12194
   unlikely,11869
   tissue,12342
   constitutional,12567
   pant,12457
   stranger,12261
   infection,12402
   cabinet,11846
   broken,12097
   apple,12172
   electric,12007
   proceed,11808
   track,11773
   bet,12079
   literary,12801
   virus,12106
   stupid,12467
   dispute,12203
   fortune,11815
   strategic,12347
   assistant,11828
   overcome,11801
   remarkable,11683
   occupy,11756
   statistics,12086
   shopping,11957
   cousin,12155
   encounter,11974
   wipe,12435
   initially,12022
   blind,12005
   white,11815
   port,11893
   honor,11653
   electricity,11954
   genetic,12069
   adviser,12112
   pay,11883
   spokesman,12689
   retain,12041
   latter,12527
   incentive,12105
   slave,11863
   chemical,12006
   translate,11722
   accurate,11842
   whereas,12668
   terror,12342
   though,12073
   expansion,12054
   elite,12329
   Olympic,13072
   dirt,12063
   odd,11849
   rice,11944
   bullet,11706
   tight,11641
   Bible,11539
   chart,11861
   solar,12121
   decline,11956
   conservative,11941
   process,11940
   square,11630
   stick,11795
   concentration,12146
   complicated,11306
   gently,12233
   champion,12247
   scenario,11747
   telescope,12754
   reflection,11882
   revolution,11800
   strip,11543
   interpret,12321
   friendly,11360
   tournament,12684
   fiction,11701
   detect,11776
   balance,11536
   likely,11551
   tremendous,11678
   lifetime,11293
   recommendation,11824
   flow,11365
   senator,12091
   market,11650
   hunting,12100
   salad,12103
   guarantee,11430
   innocent,11530
   boundary,12082
   pause,12583
   remote,11346
   satisfaction,12237
   journal,11849
   bench,11666
   lover,11499
   raw,11310
   awareness,12013
   surprising,11327
   withdraw,11352
   general,11344
   deck,11830
   similarly,12180
   newly,11388
   pole,11446
   testify,11843
   mode,12107
   dialogue,11706
   imply,12061
   naturally,11304
   mutual,11566
   founder,11570
   top,11397
   advanced,11626
   pride,11107
   dismiss,11160
   aircraft,11591
   delivery,11323
   mainly,11367
   bake,12253
   freeze,11596
   platform,11209
   finance,11501
   sink,11592
   attractive,11119
   respect,11083
   diverse,12015
   relevant,12212
   ideal,11609
   joy,11171
   worth,11237
   regularly,11329
   working,11200
   singer,11277
   evolve,11442
   shooting,11633
   partly,11132
   unknown,11095
   assistant,11391
   offense,11680
   counter,11676
   DNA,11580
   smell,12123
   potentially,11387
   transfer,11830
   thirty,11637
   justify,11409
   protest,11181
   crash,11250
   craft,11559
   treaty,11689
   terrorist,12169
   insight,11591
   possess,11474
   politically,11324
   tap,11279
   lie,11199
   extensive,11580
   episode,11070
   double,11195
   swim,11342
   tire,11494
   fault,11116
   loose,11299
   free,10898
   shortly,10864
   originally,10995
   considerable,11544
   prior,11746
   intellectual,11842
   mix,11247
   assault,11039
   relax,11202
   stair,12171
   adventure,11031
   external,12260
   proof,10775
   confident,10831
   headquarters,11135
   sudden,11370
   dirty,11112
   violation,11154
   tongue,11674
   license,10943
   hold,10984
   shelter,10891
   rub,11695
   controversy,11054
   entrance,11121
   favorite,11134
   practice,10858
   properly,10783
   fade,11373
   defensive,11442
   tragedy,11039
   net,10918
   characterize,11799
   funeral,11086
   profession,11469
   alter,11106
   spot,11143
   constitute,11945
   establishment,11355
   squeeze,11280
   imagination,10913
   target,10960
   mask,11196
   convert,10990
   comprehensive,11602
   prominent,10948
   presentation,11372
   regardless,11042
   easy,10790
   load,10736
   stable,10964
   introduction,11483
   appeal,10745
   pretend,11330
   not,11295
   elderly,10976
   representation,12063
   deer,11665
   split,10593
   violate,10822
   partnership,11115
   pollution,11396
   emission,11688
   steady,10715
   vital,10866
   neither,10587
   fate,10521
   earnings,11324
   oven,11454
   distinction,11383
   segment,10850
   nowhere,10658
   poet,10840
   mere,10778
   exciting,10595
   variation,11403
   comfort,10674
   radical,10924
   stress,10951
   adapt,10987
   Irish,10833
   honey,11009
   correspondent,12008
   pale,11598
   musician,10580
   significance,11520
   load,10869
   round,10771
   vessel,10920
   storage,10893
   flee,10508
   mm-hmm,13755
   leather,11155
   distribute,10747
   evolution,11066
   ill,10446
   tribe,10855
   shelf,10741
   can,10718
   grandfather,11003
   lawn,10815
   buyer,10953
   dining,10843
   wisdom,10561
   council,10695
   vulnerable,10397
   instance,10885
   garlic,11449
   capability,10906
   poetry,10671
   celebrity,10756
   gradually,10537
   stability,10901
   doubt,10352
   fantasy,10448
   scared,10752
   guide,10524
   plot,10484
   framework,11710
   gesture,10739
   depending,10461
   ongoing,10721
   psychology,11316
   since,10334
   counselor,12170
   witness,10178
   chapter,10579
   fellow,10339
   divorce,10322
   owe,10141
   pipe,10432
   athletic,10803
   slight,10500
   math,10430
   shade,10677
   tail,10663
   sustain,10550
   mount,10303
   obligation,10538
   angle,10456
   palm,11014
   differ,11222
   custom,10408
   store,10446
   economist,10625
   fifteen,10739
   soup,10571
   celebration,10209
   efficient,10452
   damage,10163
   composition,10961
   satisfy,10194
   pile,10594
   briefly,10125
   carbon,10799
   closer,9976
   consume,10308
   scheme,10428
   crack,10330
   frequency,11284
   tobacco,10600
   survivor,10317
   besides,10537
   in,9996
   psychologist,10698
   wealthy,10054
   galaxy,11159
   given,10622
   fund,10218
   ski,11656
   limitation,11038
   OK,10733
   trace,10033
   appointment,9993
   preference,10833
   meter,10246
   explosion,10148
   arrest,10250
   publicly,10169
   incredible,10342
   fighter,10306
   rapid,10427
   admission,10356
   hunter,10839
   educate,10171
   painful,9896
   friendship,10130
   aide,10335
   infant,10205
   calculate,10485
   fifty,10524
   rid,10104
   porch,10894
   tendency,10642
   uniform,10193
   formation,10553
   scholarship,10305
   reservation,10215
   efficiency,10579
   waste,9956
   qualify,10090
   mall,10189
   derive,10913
   scandal,10403
   PC,11072
   helpful,10120
   impress,9896
   heel,10288
   resemble,10050
   privacy,9956
   fabric,10320
   surprise,10023
   contest,10002
   proportion,10521
   guideline,10303
   rifle,10204
   maintenance,10167
   conviction,9834
   trick,10041
   organic,10572
   tent,10110
   examination,10722
   publisher,10282
   strengthen,10159
   French,9845
   proposed,10288
   myth,10161
   sophisticated,9886
   cow,10032
   etc,10112
   standing,9691
   asleep,10684
   tennis,9985
   nerve,9933
   barrel,9951
   bombing,10462
   membership,10273
   ratio,10457
   menu,10238
   purchase,10001
   controversial,9918
   desperate,9795
   rate,10244
   lifestyle,9904
   humor,9654
   loud,10324
   glove,10218
   suspect,10204
   sufficient,10275
   narrative,10954
   photographer,9739
   helicopter,9986
   Catholic,9955
   modest,9746
   provider,10196
   delay,9868
   agricultural,10535
   explode,9821
   stroke,9891
   scope,10115
   punishment,9986
   handful,9735
   badly,9652
   horizon,9857
   curious,9738
   downtown,10172
   girlfriend,9832
   prompt,9741
   request,9619
   cholesterol,10641
   absorb,9762
   adjustment,10309
   taxpayer,10113
   eager,9627
   principal,9920
   detailed,10006
   motivation,10566
   assignment,9874
   restriction,9928
   across,9825
   Palestinian,10484
   laboratory,9972
   workshop,9926
   differently,9565
   auto,10006
   romantic,9561
   cotton,9734
   motor,9977
   sue,9797
   flavor,10143
   overlook,9553
   float,9982
   undergo,9826
   sequence,10041
   demonstration,9729
   jet,9690
   orange,9755
   consumption,10162
   assert,10125
   blade,10394
   temporary,9465
   medication,9789
   print,9508
   cabin,9955
   bite,9982
   relative,10283
   edition,9638
   valley,9708
   yours,10004
   pitch,9586
   pine,9824
   brilliant,9493
   versus,10007
   manufacturing,9822
   risk,9285
   Christian,9751
   complex,9573
   absolute,9622
   chef,10131
   discrimination,9872
   offensive,9902
   German,9586
   suit,9477
   boom,9457
   register,9389
   appoint,9541
   heritage,9670
   God,9694
   terrorist,10390
   dominant,10143
   successfully,9728
   shit,11047
   lemon,10095
   hungry,9653
   sense,9697
   dry,9678
   wander,9822
   submit,9507
   economics,9758
   naked,9897
   anticipate,9345
   nut,9605
   legacy,9461
   extension,9672
   shrug,10689
   fly,9689
   battery,9793
   arrival,9302
   legitimate,9543
   orientation,10613
   inflation,9758
   cope,9952
   flame,9716
   cluster,9821
   host,9750
   wound,9404
   dependent,10029
   shower,9624
   institutional,10397
   depict,9721
   operating,9480
   flesh,9867
   garage,9573
   operator,9351
   instructor,9912
   collapse,9163
   borrow,9150
   furthermore,10349
   comedy,9596
   mortgage,10022
   sanction,10163
   civilian,9684
   twelve,9638
   weekly,9297
   habitat,9665
   grain,9520
   brush,9806
   consciousness,9758
   devote,9326
   crack,9334
   measurement,10187
   province,9491
   ease,9247
   seize,9106
   ethics,9561
   nomination,9698
   permission,9298
   wise,9101
   actress,9448
   summit,9628
   acid,9772
   odds,9094
   gifted,10941
   frustration,9005
   medium,9523
   function,9570
   physically,9039
   grant,9372
   distinguish,9664
   shore,9191
   repeatedly,9059
   lung,9206
   firm,9036
   running,9271
   correct,8988
   distinct,9682
   artistic,9423
   discourse,10560
   basket,9316
   ah,9788
   fighting,9274
   impressive,9100
   competitor,9377
   ugly,9267
   worried,9215
   portray,9202
   powder,9639
   ghost,9564
   persuade,8998
   moderate,9220
   subsequent,9796
   continued,9402
   cookie,9480
   carrier,9251
   cooking,9403
   frequent,9267
   ban,9226
   swing,9214
   orange,9219
   awful,9300
   admire,9016
   pet,9118
   miracle,8981
   exceed,9362
   rhythm,9010
   widespread,9319
   killing,9109
   lovely,9327
   sin,9048
   charity,9054
   script,8924
   tactic,8993
   identification,9793
   transformation,9561
   everyday,9065
   headline,9272
   crash,9101
   venture,9278
   invasion,9412
   military,9288
   nonetheless,9168
   adequate,9406
   piano,8968
   grocery,9017
   intensity,9238
   exhibit,9459
   high,8771
   blanket,9385
   margin,8994
   principal,9218
   quarterback,10014
   mouse,9449
   rope,9300
   concrete,8871
   prescription,9169
   African-American,9121
   chase,8980
   document,9274
   brick,9069
   recruit,9028
   patch,9155
   consensus,9250
   horror,8875
   recording,8866
   changing,9055
   painter,9153
   colonial,9628
   pie,9019
   sake,8954
   gaze,9852
   courage,8720
   pregnancy,8944
   swear,9181
   hay,8945
   clue,8732
   reinforce,9345
   win,9584
   confusion,8751
   slice,9337
   occupation,9115
   dear,9151
   coal,8928
   sacred,9018
   criminal,8854
   formula,8965
   cognitive,10166
   collective,9384
   exact,8643
   uncle,9355
   square,8906
   captain,9087
   sigh,10099
   attribute,9228
   dare,9033
   okay,9499
   homeless,9149
   cool,8980
   gallery,8963
   soccer,9212
   defendant,9230
   tunnel,9024
   fitness,9261
   lap,9260
   grave,8868
   toe,9047
   container,8956
   virtue,9111
   abroad,8788
   architect,8969
   dramatically,8712
   makeup,8916
   inquiry,9136
   rose,8988
   surprisingly,8704
   highlight,9119
   decrease,9291
   indication,8715
   rail,8826
   anniversary,8676
   couch,9209
   alliance,8948
   hypothesis,9890
   boyfriend,8755
   compose,8866
   peer,9099
   mess,8745
   rank,8879
   legend,8660
   regulate,8856
   adolescent,10568
   shine,8984
   norm,9360
   upset,8570
   remark,8453
   resign,8867
   reward,8662
   gentle,8766
   related,9227
   organ,8596
   lightly,8893
   concerning,9329
   invent,8461
   laughter,9019
   fit,8550
   northwest,8650
   counseling,9303
   tight,8980
   receiver,8882
   ritual,8883
   insect,8814
   interrupt,8757
   salmon,8860
   favor,8403
   trading,8787
   concern,8702
   magic,8506
   superior,8632
   combat,8675
   stem,8963
   surgeon,8519
   acceptable,8723
   physics,9184
   rape,8790
   counsel,9387
   brush,8821
   jeans,8851
   hunt,8812
   continuous,8996
   log,8606
   echo,8477
   pill,8537
   excited,8491
   sculpture,8659
   compound,8573
   integrate,9060
   flour,9103
   bitter,8353
   bare,8943
   slope,8573
   rent,8446
   presidency,8814
   serving,9453
   subtle,8442
   greatly,8648
   bishop,8639
   drinking,8446
   delay,8333
   cry,8648
   acceptance,8870
   collapse,8397
   shop,8509
   pump,8617
   candy,8633
   evil,8391
   final,8964
   finance,8571
   pleased,8502
   medal,8991
   beg,8542
   sponsor,8542
   ethical,9018
   secondary,9121
   slam,9076
   export,9013
   experimental,9019
   melt,8533
   midnight,8440
   net,8563
   curve,8397
   integrity,8463
   entitle,8381
   evident,8753
   logic,8646
   essence,8388
   park,8650
   exclude,8780
   harsh,8092
   closet,8597
   suburban,8463
   greet,8367
   favor,8357
   interior,8370
   corridor,8842
   murder,8462
   retail,8600
   pitcher,8835
   march,8267
   snake,8523
   pitch,8628
   excuse,8722
   cross,8207
   weakness,8275
   pig,8307
   cold,8527
   classical,8475
   estimated,8464
   T-shirt,8386
   online,8729
   unemployment,8471
   civilization,8447
   fold,8630
   patient,8504
   pop,8316
   daily,8405
   reverse,8154
   missing,8232
   correlation,9584
   humanity,8259
   flash,8815
   developer,8671
   reliable,8302
   excitement,8160
   beef,8416
   Islam,8755
   Roman,8299
   stretch,8285
   architecture,8449
   occasional,8162
   administrative,8895
   elbow,8536
   deadly,8196
   Muslim,8498
   Hispanic,8690
   allegation,8675
   tip,8300
   confuse,8045
   airplane,8254
   monthly,8335
   duck,8335
   dose,8291
   Korean,8441
   plead,8140
   initiate,8630
   lecture,8278
   van,8364
   sixth,8170
   bay,8209
   mainstream,8170
   suburb,8249
   sandwich,8298
   unlike,8103
   trunk,8400
   rumor,8023
   implementation,9293
   swallow,8583
   motivate,8324
   render,8288
   longtime,8439
   trap,8030
   restrict,8340
   cloth,8287
   seemingly,8010
   legislative,8384
   effectiveness,8889
   enforce,8162
   lens,8313
   reach,7982
   inspector,8652
   lend,7961
   plain,8015
   fraud,8176
   companion,8136
   contend,8249
   nail,8255
   array,8167
   strict,8013
   assemble,7996
   frankly,8620
   rat,8177
   burst,8393
   hallway,8717
   cave,8261
   inevitable,7889
   southwest,8190
   monster,8164
   speed,7936
   protest,7871
   unexpected,7829
   obstacle,8075
   facilitate,8946
   encounter,8073
   rip,8164
   herb,8279
   overwhelming,7831
   integration,8847
   crystal,8035
   recession,8809
   wish,7789
   top,8162
   written,8371
   motive,8029
   label,7969
   flood,7986
   pen,8117
   ownership,8177
   nightmare,7895
   notice,7762
   inspection,8128
   supervisor,8049
   consult,7778
   arena,8008
   laugh,8164
   diagnosis,8454
   possession,7828
   forgive,8003
   warm,7973
   consistently,8104
   basement,7988
   project,7871
   drift,8311
   drain,8123
   last,8415
   prosecution,8941
   maximum,8075
   announcement,7863
   warrior,7975
   prediction,7996
   bacteria,8256
   questionnaire,9123
   mud,8026
   infrastructure,7961
   hurry,8723
   privilege,7923
   temple,7949
   medium,8586
   outdoor,8101
   suck,8204
   and/or,8481
   broadcast,8130
   re,15773
   leap,8376
   random,7818
   past,7921
   wrist,8250
   curtain,8204
   monitor,7879
   pond,7971
   domain,8641
   guilt,7746
   cattle,7827
   subject,8087
   walking,7847
   playoff,8803
   minimum,8011
   fiscal,8005
   skirt,8167
   dump,7689
   hence,8468
   database,8094
   uncomfortable,7667
   aim,7973
   execute,7671
   limb,8018
   ideology,8485
   average,8106
   welcome,7798
   tune,7934
   continuing,7845
   harm,7619
   railroad,7796
   endure,7586
   radiation,7912
   horn,7813
   chronic,8036
   peaceful,7704
   innovation,8099
   strain,7713
   guitar,7712
   replacement,7734
   behave,7546
   administer,8135
   simultaneously,7960
   dancer,7664
   amendment,8132
   guard,7659
   pad,7846
   transmission,7829
   await,7550
   retired,7869
   trigger,7630
   spill,7798
   grateful,7597
   grace,7634
   virtual,7776
   response,7868
   colony,7822
   adoption,7986
   slide,7780
   indigenous,8785
   closed,7500
   convict,7940
   civilian,7889
   towel,7978
   modify,8997
   particle,7925
   award,7666
   glance,8122
   prize,7519
   landing,7646
   conduct,7821
   blue,7671
   boost,7863
   bat,7694
   alarm,7631
   festival,7775
   grip,7724
   weird,7709
   undermine,7762
   freshman,7849
   sweat,8036
   outer,7618
   European,7688
   drunk,7890
   survey,7556
   research,7618
   separation,7760
   traditionally,7717
   stuff,7687
   govern,7668
   southeast,7589
   intelligent,7373
   wherever,7382
   ballot,9217
   rhetoric,7765
   convinced,7389
   driving,7438
   vitamin,8245
   enthusiasm,7368
   accommodate,7571
   praise,7379
   injure,7574
   wilderness,7916
   nearby,7545
   endless,7458
   mandate,7704
   pause,8140
   excuse,7388
   respectively,8223
   uncertainty,7671
   chaos,7304
   short,7495
   mechanical,7835
   canvas,7795
   forty,7692
   matter,7396
   lobby,7556
   profound,7477
   format,7910
   trait,7980
   currency,7753
   turkey,7757
   reserve,7585
   beam,7625
   abuse,7554
   astronomer,8157
   corruption,7518
   contractor,7634
   apologize,7485
   doctrine,8081
   genuine,7336
   thumb,7659
   unity,7810
   compromise,7469
   horrible,7538
   behavioral,8320
   exclusive,7402
   scatter,7461
   commonly,7861
   convey,7529
   rush,7458
   twist,7875
   complexity,7813
   fork,7742
   disk,7898
   relieve,7352
   suspicion,7187
   lock,7605
   finish,7585
   residence,7332
   shame,7347
   meaningful,7719
   sidewalk,7668
   Olympics,8039
   technological,7780
   signature,7349
   pleasant,7425
   wow,8016
   suspend,7228
   rebel,7525
   frozen,7474
   desire,7454
   spouse,7510
   fluid,7464
   pension,7660
   resume,7243
   theoretical,8320
   sodium,7998
   blow,7324
   promotion,7416
   delicate,7332
   forehead,8123
   rebuild,7474
   bounce,7451
   electrical,7347
   hook,7382
   detective,7441
   traveler,7336
   click,7549
   compensation,7512
   signal,7171
   exit,7333
   attraction,7280
   dedicate,7226
   altogether,7147
   pickup,7415
   carve,7294
   needle,7378
   belly,7784
   ship,7264
   scare,7367
   portfolio,7663
   shuttle,7593
   invisible,7355
   timing,7345
   engagement,7675
   ankle,7397
   transaction,7418
   rescue,7187
   counterpart,7484
   historically,7426
   firmly,7189
   mild,7211
   rider,7450
   doll,7351
   noon,7425
   exhibit,7326
   amid,7264
   identical,7247
   precise,7211
   anxious,7096
   structural,7870
   residential,7415
   loud,7541
   diagnose,7255
   carbohydrate,8057
   liberty,7442
   poster,7069
   theology,7866
   nonprofit,7482
   crawl,7596
   oxygen,7191
   handsome,7512
   magic,7415
   sum,7217
   provided,7431
   businessman,7190
   promising,7075
   conscious,7152
   determination,7170
   donor,7231
   hers,7770
   pastor,7260
   jazz,7220
   opera,7332
   Japanese,7419
   bite,7160
   frame,7063
   evil,7045
   acquisition,7338
   pit,7132
   hug,7478
   wildlife,7361
   punish,6955
   giant,7102
   primary,7823
   equity,7277
   wrong,7038
   doorway,7914
   departure,7008
   elevator,7535
   teenage,7030
   guidance,7399
   happiness,7036
   statue,7058
   pursuit,7070
   repair,7088
   decent,6954
   gym,7229
   oral,7448
   clerk,7234
   Israeli,7673
   envelope,7241
   reporting,7184
   destination,7039
   fist,7729
   endorse,7167
   exploration,7294
   generous,6907
   bath,7149
   rescue,7094
   thereby,7588
   overall,7225
   indicator,7574
   sunlight,7349
   feedback,7735
   spectrum,7216
   purple,7216
   laser,7197
   bold,6936
   reluctant,6842
   starting,7118
   expertise,7219
   practically,6914
   program,7015
   picture,7103
   tune,6887
   eating,7067
   age,7005
   volunteer,6864
   hint,6951
   sharply,6966
   parade,7010
   advocate,7198
   realm,7261
   ban,7070
   strip,6894
   cancel,6932
   blend,7238
   therapist,7170
   slice,7316
   peel,7182
   pizza,7130
   recipient,7126
   hesitate,7462
   flip,7274
   accounting,7319
   debate,6952
   bias,7388
   huh,7563
   metaphor,7461
   candle,7204
   handle,7101
   worry,6811
   judicial,7213
   entity,7276
   suffering,6955
   full-time,6945
   feel,6939
   lamp,7290
   garbage,6933
   servant,7064
   addition,7027
   regulatory,7274
   diplomatic,7193
   elegant,6974
   inside,6955
   reception,6896
   vanish,7154
   automatically,6823
   chin,7585
   trail,7049
   necessity,7071
   confess,6815
   racism,7026
   starter,7487
   interior,6931
   banking,7120
   casual,6946
   gravity,7000
   enroll,7053
   diminish,6875
   prevention,7352
   Arab,7222
   value,7000
   minimize,7139
   chop,7452
   performer,6896
   intent,6879
   isolate,6920
   pump,6765
   inventory,7090
   productive,7006
   assembly,6914
   civic,7088
   silk,7128
   magnitude,7115
   steep,6972
   hostage,8605
   collector,6976
   popularity,6836
   kiss,7195
   alien,7134
   dynamic,7175
   scary,6865
   equation,7372
   angel,6978
   switch,6781
   offering,6856
   rage,6877
   photography,7087
   repair,6730
   toilet,6939
   disappointed,6724
   precious,6716
   prohibit,6896
   representative,7008
   content,7113
   realistic,6786
   Russian,6891
   hidden,6787
   command,6688
   tender,7013
   wake,6630
   gathering,6671
   outstanding,6803
   stumble,7076
   lonely,6868
   automobile,6829
   artificial,6730
   dawn,6929
   abstract,7165
   descend,6896
   silly,6857
   hook,6800
   tide,6698
   shared,7069
   hopefully,6986
   readily,6964
   cooperate,6763
   revolutionary,6886
   romance,6705
   hardware,6951
   pillow,7122
   kit,6912
   cook,6866
   spread,6686
   continent,6730
   seal,6660
   circuit,6747
   sink,7052
   ruling,6947
   shortage,6776
   annually,6928
   lately,6696
   trap,6694
   scan,6879
   fool,6990
   deadline,6932
   rear,6910
   processing,7220
   ranch,6759
   coastal,6880
   undertake,7044
   softly,7487
   reserve,6636
   burning,6665
   verbal,7227
   tribal,6995
   ridiculous,6695
   automatic,6580
   diamond,6743
   credibility,6742
   import,6944
   sexually,6806
   spring,6689
   way,6604
   divine,7059
   sentiment,6658
   cart,6822
   oversee,6773
   stem,6712
   elder,6808
   pro,6867
   inspiration,6584
   Dutch,6690
   quantity,6833
   trailer,6713
   mate,6693
   o'clock,6972
   Greek,6642
   genius,6509
   monument,6680
   bid,6954
   quest,6613
   sacrifice,6591
   invitation,6460
   accuracy,6942
   juror,7497
   officially,6462
   broker,6929
   treasure,6648
   loyalty,6604
   credit,6611
   shock,6492
   talented,6584
   gasoline,6696
   stiff,6697
   output,7041
   nominee,7138
   extended,6641
   please,6565
   diabetes,7073
   slap,7015
   toxic,6672
   alleged,6658
   jaw,6922
   grief,6591
   mysterious,6484
   rocket,6722
   donate,6606
   inmate,6718
   tackle,6644
   dynamics,7084
   bow,6800
   ours,6422
   senior,6768
   dignity,6585
   carpet,6658
   parental,7251
   bubble,6570
   heat,6650
   buddy,6554
   barn,6785
   sword,7029
   flash,6741
   seventh,6517
   glory,6443
   tightly,6643
   protective,6503
   tuck,6847
   drum,6423
   faint,6886
   post,6558
   queen,6606
   dilemma,6703
   input,7004
   specialize,6538
   northeast,6500
   shallow,6512
   liability,6775
   sail,6525
   merchant,6474
   stadium,6977
   improved,6720
   bloody,6513
   defeat,6380
   associated,6754
   withdrawal,6624
   refrigerator,6497
   nest,6541
   near,6296
   thoroughly,6384
   lane,6540
   ancestor,6529
   condemn,6418
   steam,6426
   accent,6486
   escape,6358
   optimistic,6412
   unite,6391
   cage,6621
   equip,6436
   shrimp,6631
   homeland,6726
   exchange,6394
   rack,6677
   costume,6349
   wolf,6718
   courtroom,6772
   statute,6838
   cartoon,6403
   besides,6198
   productivity,6651
   grin,7242
   symbolic,6755
   seal,6543
   bug,6541
   bless,6293
   aunt,6662
   agriculture,6621
   rock,6473
   hostile,6319
   root,6276
   conceive,6486
   combined,6495
   instantly,6476
   bankruptcy,6690
   vaccine,6761
   bonus,6531
   collaboration,6889
   mixed,6327
   opposed,6418
   orbit,6490
   grasp,6357
   patience,6532
   spite,6339
   tropical,6473
   voting,6621
   patrol,6382
   willingness,6461
   position,6288
   revelation,6297
   rent,6360
   calm,6484
   jewelry,6338
   Cuban,6601
   haul,6401
   concede,6303
   trace,6345
   wagon,6577
   afterward,6353
   spectacular,6276
   ruin,6267
   sheer,6209
   prior,6720
   immune,6492
   reliability,7053
   ass,6911
   alongside,6166
   bush,6307
   exotic,6185
   fascinating,6231
   secure,6138
   clip,6660
   thigh,6576
   bull,6346
   drawer,6665
   regard,6665
   sheep,6320
   discourage,6177
   coordinator,6478
   ideological,6793
   runner,6333
   secular,6560
   intimate,6143
   empire,6268
   cab,6561
   divorce,6086
   exam,6176
   documentary,6321
   neutral,6331
   biology,6334
   flexible,6312
   progressive,6387
   web,6411
   conspiracy,6261
   catch,6377
   casualty,6439
   republic,7519
   execution,6278
   terrific,6356
   whale,6928
   functional,6736
   star,6328
   draft,6234
   instinct,6076
   teammate,6572
   aluminum,6468
   whoever,6250
   ministry,6250
   verdict,6529
   instruct,6117
   skull,6313
   self-esteem,6727
   ease,6103
   cooperative,6671
   manipulate,6159
   bee,6342
   practitioner,6670
   loop,6175
   edit,6157
   whip,6255
   puzzle,6153
   mushroom,6454
   subsidy,6236
   boil,6180
   tragic,6038
   mathematics,6828
   mechanic,6092
   jar,6284
   respect,6659
   earthquake,6439
   pork,6261
   creativity,6452
   safely,5959
   underlying,6340
   dessert,6286
   sympathy,6044
   fisherman,6317
   incredibly,6141
   isolation,6251
   sock,6273
   near,6097
   jump,6088
   eleven,6239
   sexy,6300
   entrepreneur,6238
   syndrome,6157
   bureau,6199
   seat,6227
   workplace,6186
   ambition,5962
   touchdown,6954
   utilize,6607
   breeze,6423
   costly,6130
   ambitious,6040
   Christianity,6312
   presumably,6039
   influential,6161
   translation,6266
   uncertain,5951
   dissolve,6157
   object,5909
   statistical,6634
   gut,6067
   metropolitan,6149
   rolling,6066
   aesthetic,6647
   spell,5887
   insert,6067
   booth,6191
   helmet,6203
   waist,6394
   expected,6144
   lion,6075
   accomplishment,5980
   royal,6028
   panic,6087
   cast,6007
   crush,5985
   actively,6232
   cliff,6117
   minimal,6176
   cord,6071
   fortunately,5974
   cocaine,6207
   illusion,6035
   anonymous,5949
   tolerate,5871
   appreciation,6054
   commissioner,6303
   harm,5810
   flexibility,6149
   instructional,7014
   scramble,6061
   casino,6205
   tumor,6427
   decorate,5997
   sort,5809
   charge,5893
   pulse,5992
   equivalent,5935
   fixed,6042
   experienced,6031
   donation,6086
   diary,5945
   sibling,6102
   irony,5818
   spoon,6194
   midst,5760
   alley,6236
   upset,5954
   interact,6247
   soap,5952
   cute,6089
   rival,6005
   short-term,5998
   punch,6071
   pin,6000
   hockey,6171
   passing,5903
   persist,6013
   supplier,6038
   known,5892
   momentum,5911
   purse,6161
   shed,5769
   liquid,5948
   icon,6030
   elephant,6038
   consequently,6463
   legislature,6027
   associate,5860
   franchise,6332
   correctly,5884
   mentally,5793
   foster,6237
   bicycle,5960
   encouraging,5868
   cheat,5819
   access,6023
   heal,5797
   fever,5874
   filter,6210
   rabbit,6095
   coin,5947
   exploit,5909
   accessible,5965
   organism,6210
   sensation,5882
   partially,5882
   stay,5779
   upstairs,6271
   dried,6109
   minimum,5867
   pro,6101
   conservation,6129
   shove,6327
   backyard,5890
   charter,6011
   stove,6082
   consent,6239
   comprise,6258
   reminder,5681
   alike,5740
   placement,6275
   dough,6294
   grandchild,5826
   dam,5968
   reportedly,5911
   well-known,5782
   surrounding,5826
   ecological,6443
   outfit,5850
   unprecedented,5798
   columnist,5997
   workout,6414
   preliminary,5908
   patent,6024
   shy,5806
   quote,6228
   trash,5811
   disabled,5952
   gross,5802
   damn,6269
   hormone,6230
   texture,5994
   counter,5722
   pencil,5936
   associate,5859
   frontier,5897
   spray,6005
   bet,5801
   disclose,5879
   custody,5957
   banker,5933
   beast,6052
   interfere,5709
   oak,5938
   case,5791
   eighth,5814
   notebook,5884
   outline,5859
   gaze,6379
   attendance,5963
   speculation,5698
   uncover,5696
   behalf,5727
   innovative,5921
   shark,6164
   reward,5676
   mill,5761
   installation,5938
   stimulate,5898
   tag,5735
   vertical,5950
   swimming,5735
   fleet,5781
   catalog,5925
   outsider,5690
   sacrifice,5641
   desperately,5701
   stance,5812
   compel,5728
   sensitivity,5981
   someday,5744
   instant,5765
   debut,5986
   proclaim,5716
   worldwide,5781
   hike,6111
   required,5953
   confrontation,5762
   colorful,5773
   ideal,5978
   constitution,6111
   trainer,5845
   Thanksgiving,5859
   scent,6050
   stack,5858
   eyebrow,6212
   sack,5880
   cease,5679
   inherit,5563
   tray,6021
   pioneer,5755
   organizational,6445
   textbook,5968
   uh,6155
   nasty,5682
   shrink,5617
   model,5925
   emerging,5942
   dot,5795
   wheat,5730
   fierce,5622
   envision,5619
   rational,5941
   kingdom,5674
   aisle,5828
   weaken,5640
   protocol,6031
   exclusively,5852
   vocal,5727
   marketplace,5650
   openly,5558
   unfair,5656
   terrain,5873
   deploy,5674
   risky,5632
   pasta,6062
   genre,5919
   distract,5720
   merit,5670
   planner,5797
   depressed,5543
   chunk,5682
   closest,5506
   discount,5809
   no,5591
   ladder,5720
   jungle,5693
   migration,6067
   breathing,5798
   invade,5653
   hurricane,6439
   retailer,5915
   classify,5964
   wound,5660
   coup,6179
   aid,5676
   ambassador,5847
   density,6040
   supportive,5662
   curiosity,5630
   skip,5635
   aggression,6215
   stimulus,6215
   journalism,5684
   robot,6023
   flood,5531
   dip,5664
   likewise,5821
   informal,5931
   Persian,6340
   feather,5744
   sphere,5881
   tighten,5665
   boast,5731
   pat,5968
   perceived,6386
   sole,5535
   publicity,5557
   major,5678
   unfold,5420
   joke,5576
   well-being,6005
   validity,6401
   ecosystem,6215
   strictly,5532
   partial,5716
   collar,5791
   weed,5642
   compliance,5973
   streak,5826
   supposedly,5451
   added,5616
   builder,5720
   glimpse,5567
   premise,5695
   specialty,5622
   deem,5639
   artifact,5773
   sneak,5690
   monkey,5698
   mentor,5757
   two-thirds,5558
   listener,5621
   lightning,5674
   legally,5484
   sleeve,5855
   disappointment,5464
   disturb,5532
   rib,5662
   excessive,5633
   high-tech,5681
   debris,5491
   pile,5609
   rod,5788
   logical,5644
   liberal,5677
   ash,5647
   socially,5814
   parish,5723
   slavery,5712
   blank,5585
   commodity,5659
   cure,5468
   mineral,5758
   hunger,5460
   dying,5504
   developmental,6255
   faster,5538
   spare,5492
   halfway,5695
   cure,5444
   equality,5841
   cemetery,5584
   harassment,5882
   deliberately,5388
   fame,5485
   regret,5479
   striking,5516
   likelihood,5790
   carrot,5718
   atop,5578
   toll,5587
   rim,5676
   embarrassed,5627
   fucking,6472
   cling,5678
   isolated,5482
   blink,6160
   suspicious,5412
   wheelchair,5670
   squad,5520
   eligible,5529
   processor,5882
   plunge,5490
   this,5517
   sponsor,5622
   grin,5944
   color,5465
   demographic,6103
   rain,5597
   chill,5675
   refuge,5505
   steer,5452
   legislator,5593
   rally,5619
   programming,5507
   cheer,5442
   outlet,5497
   intact,5350
   vendor,5543
   thrive,5472
   peanut,5604
   chew,5669
   elaborate,5349
   intellectual,5773
   conception,5953
   auction,5621
   steak,5596
   comply,5452
   triumph,5337
   shareholder,5742
   comparable,5600
   transport,5336
   conscience,5317
   calculation,5577
   considerably,5481
   interval,5708
   scratch,5629
   awake,5806
   jurisdiction,5691
   inevitably,5420
   feminist,5719
   constraint,5942
   emotionally,5321
   expedition,5467
   allegedly,5451
   compromise,5322
   strain,5435
   similarity,5709
   butt,5490
   lid,5558
   dumb,5486
   bulk,5324
   sprinkle,5777
   mortality,5785
   philosophical,5731
   conversion,5627
   patron,5331
   municipal,5536
   any,5352
   liver,5415
   harmony,5410
   solely,5456
   tolerance,5513
   instant,5755
   goat,5459
   arm,5232
   blessing,5222
   banana,5458
   running,5271
   palace,5347
   formerly,5350
   peasant,5609
   neat,5359
   grandparent,5334
   lawmaker,5755
   supermarket,5389
   cruise,5434
   mobile,5339
   plain,5337
   part,5503
   calendar,5258
   widow,5309
   deposit,5497
   beard,5528
   brake,5522
   downtown,5483
   screening,5407
   impulse,5305
   forbid,5167
   fur,5466
   brutal,5193
   predator,5400
   poke,5575
   opt,5371
   voluntary,5504
   trouble,5177
   valid,5509
   forum,5419
   dancing,5243
   happily,5331
   soar,5344
   removal,5488
   autonomy,5849
   enact,5441
   round,5247
   thread,5340
   light,5458
   landmark,5332
   unhappy,5162
   offender,5417
   coming,5181
   privately,5212
   fraction,5313
   distinctive,5373
   tourism,5429
   threshold,5490
   calm,5309
   routinely,5269
   suite,5321
   remark,5289
   regulator,5462
   straw,5297
   theological,5684
   apart,5216
   exhaust,5204
   globe,5166
   fragile,5125
   objection,5276
   chemistry,5192
   old-fashioned,5200
   crowded,5196
   circle,5401
   blast,5241
   prevail,5207
   overnight,5170
   denial,5207
   rental,5357
   fantastic,5269
   fragment,5308
   level,5367
   screw,5361
   warmth,5383
   undergraduate,5683
   liquid,5265
   headache,5256
   policeman,5278
   yield,5648
   projection,5288
   battle,5240
   suitable,5291
   mention,5137
   graduation,5218
   drill,5279
   cruel,5128
   mansion,5233
   regard,5263
   grape,5318
   authorize,5209
   cottage,5328
   driveway,5459
   charm,5157
   sexuality,5531
   loyal,5066
   clay,5287
   pound,5327
   balloon,5187
   invention,5211
   ego,5239
   fare,5362
   homework,5093
   disc,5403
   sofa,5499
   guarantee,5205
   availability,5519
   radar,5221
   frown,5903
   regain,5041
   leave,5087
   permit,5305
   sweater,5392
   rehabilitation,5547
   rubber,5190
   retreat,5132
   molecule,5445
   freely,5085
   favorable,5324
   steadily,5085
   veteran,5312
   integrated,5455
   ha,5372
   youngster,5184
   broadcast,5138
   premium,5279
   accountability,5409
   overwhelm,4976
   one-third,5210
   contemplate,5027
   update,5227
   spark,5071
   ironically,5154
   fatigue,5214
   beyond,5036
   speculate,5012
   marker,5156
   low,5024
   preach,5063
   bucket,5233
   bomb,5275
   blond,5479
   confession,5074
   provoke,5063
   marble,5210
   substantially,5344
   twist,5060
   defender,5136
   fish,5183
   explicit,5461
   transport,5313
   disturbing,4990
   surveillance,5132
   magnetic,5377
   technician,5048
   mutter,5753
   devastating,5055
   depart,5035
   arrow,5208
   trauma,5880
   neighboring,5082
   soak,5186
   ribbon,5159
   meantime,5022
   transmit,5117
   screen,5079
   harvest,5125
   consecutive,5471
   republican,5297
   coordinate,5152
   worldwide,5089
   within,5085
   spy,5076
   slot,5130
   riot,5203
   nutrient,5426
   citizenship,5602
   severely,5035
   sovereignty,5541
   ridge,5229
   brave,5061
   lighting,5081
   specify,5379
   contributor,5084
   frustrate,4933
   crowd,5083
   articulate,5350
   importantly,5130
   transit,5226
   dense,5061
   seminar,5106
   electronics,5116
   sunny,5117
   shorts,5148
   swell,5125
   accusation,4987
   soften,5112
   photograph,5006
   straighten,5352
   terribly,5096
   cue,5186
   sudden,5211
   bride,5613
   biography,5015
   hazard,5159
   compelling,4995
   seldom,5009
   tile,5200
   economically,5169
   honestly,5042
   troubled,4991
   bow,5293
   twentieth,5458
   balanced,5486
   foreigner,5076
   launch,5080
   convenience,4972
   delight,5038
   weave,5015
   timber,5150
   till,5269
   accurately,5156
   plea,5000
   bulb,5157
   copy,4970
   flying,5056
   sustainable,5339
   devil,5051
   bolt,5148
   cargo,4991
   spine,5110
   seller,5083
   skilled,5047
   managing,5126
   public,4877
   marine,5154
   dock,5178
   organized,5011
   fog,5186
   diplomat,5185
   boring,4922
   sometime,4938
   summary,5304
   missionary,5438
   epidemic,5010
   fatal,4875
   trim,5113
   warehouse,5020
   accelerate,4923
   butterfly,5031
   bronze,5118
   drown,5097
   inherent,5339
   praise,4896
   nationwide,5104
   spit,5286
   harvest,5065
   kneel,5467
   vacuum,5028
   selected,5315
   dictate,4935
   stereotype,5109
   sensor,5154
   laundry,5063
   manual,5040
   pistol,5261
   naval,4990
   plaintiff,5312
   kid,5094
   middle-class,5025
   apology,4972
   till,5079